<?xml version="1.0" encoding="utf-8"?>
<ApplicationInstallerManifest>
   <DefaultInstallationDirectory>/Applications/SMolESY_select/</DefaultInstallationDirectory>
   <ApplicationName>SMolESY_select</ApplicationName>
   <ExecutableName>application/SMolESY_select.exe</ExecutableName>
   <GUID>577740e6-c902-4b4f-920a-ad4f14210c69</GUID>
   <ApplicationIcon>default_icon_48.png</ApplicationIcon>
   <Logo>default_logo.png</Logo>
   <Version>1.1.6</Version>
   <InstallationNotes>In the following directions, replace MR/v911 by the directory on the target machine where MATLAB is installed, or MR by the directory where the MATLAB Runtime is installed.

If the environment variable DYLD_LIBRARY_PATH is undefined, set it to the following string:

MR/v911/runtime/maci64:MR/v911/sys/os/maci64:MR/v911/bin/maci64

If it is defined, set it to the following:

${DYLD_LIBRARY_PATH}:MR/v911/runtime/maci64:MR/v911/sys/os/maci64:MR/v911/bin/maci64
</InstallationNotes>
   <WelcomePanelText>SMolESY_select 1.1.6

FIXES  (VERSION 1.1.6)
--&gt; In the SMolESY-select v1.1.6, the NMR data reading function has been updated for properly reading the "imaginary" data of acquired/processed 1H-NMR spectra from various Bruker IVDr/Topspin versions.
--&gt; In the SMolESY-select v1.1.6, the functions for the assignment of metabolites signals were updated.
--&gt; LODs cut off values were updated

SMolESY-select (v1.1) is a freely available software for the automated assignment/relative quantification of 22 serum/plasma metabolites, requiring only the standard 1H-NMR 1D spectrum of plasma/serum samples being acquired at 600 MHz following the universally adopted SOPs for serum/plasma preparation protocol (see Takis et al, TrAC - Trends Anal. Chem. 2019, 120, 115300).

Dr. Panteleimon G. Takis
p.takis@imperial.ac.uk</WelcomePanelText>
   <MCRProducts>
      <MCRProduct>
         <ExternalProductIdentifier>35010</ExternalProductIdentifier>
      </MCRProduct>
      <MCRProduct>
         <ExternalProductIdentifier>35011</ExternalProductIdentifier>
      </MCRProduct>
      <MCRProduct>
         <ExternalProductIdentifier>35108</ExternalProductIdentifier>
      </MCRProduct>
      <MCRProduct>
         <ExternalProductIdentifier>35160</ExternalProductIdentifier>
      </MCRProduct>
   </MCRProducts>
</ApplicationInstallerManifest>