<?xml version="1.0" encoding="utf-8"?>
<ApplicationInstallerManifest>
   <DefaultInstallationDirectory>/Applications/SMolESY_select/</DefaultInstallationDirectory>
   <ApplicationName>SMolESY_select</ApplicationName>
   <ExecutableName>application/SMolESY_select.exe</ExecutableName>
   <GUID>5d47e648-2714-4e99-862e-16dfc760667e</GUID>
   <ApplicationIcon>default_icon_48.png</ApplicationIcon>
   <Logo>default_logo.png</Logo>
   <Version>1.1</Version>
   <InstallationNotes>In the following directions, replace MR/v99 by the directory on the target machine where MATLAB is installed, or MR by the directory where the MATLAB Runtime is installed.

If the environment variable DYLD_LIBRARY_PATH is undefined, set it to the following string:

MR/v99/runtime/maci64:MR/v99/sys/os/maci64:MR/v99/bin/maci64

If it is defined, set it to the following:

${DYLD_LIBRARY_PATH}:MR/v99/runtime/maci64:MR/v99/sys/os/maci64:MR/v99/bin/maci64
</InstallationNotes>
   <WelcomePanelText>SMolESY_select 1.1

FIXES  (VERSION 1.1)
--&gt; In the SMolESY-select v1.1, the NMR data reading function has been updated for properly reading the "imaginary" data of acquired/processed 1H-NMR spectra from various Bruker IVDr versions.

SMolESY-select (v1.1) is a freely available software for the automated assignment/relative quantification of 22 serum/plasma metabolites, requiring only the standard 1H-NMR 1D spectrum of plasma/serum samples being acquired at 600 MHz following the universally adopted SOPs for serum/plasma preparation protocol (see Dona et al, Anal. Chem. 2014, 86, 9887–9894 &amp; Takis et al, TrAC - Trends Anal. Chem. 2019, 120, 115300).

Dr. Panteleimon G. Takis
p.takis@imperial.ac.uk</WelcomePanelText>
   <MCRProducts>
      <MCRProduct>
         <ExternalProductIdentifier>35000</ExternalProductIdentifier>
      </MCRProduct>
      <MCRProduct>
         <ExternalProductIdentifier>35010</ExternalProductIdentifier>
      </MCRProduct>
      <MCRProduct>
         <ExternalProductIdentifier>35108</ExternalProductIdentifier>
      </MCRProduct>
      <MCRProduct>
         <ExternalProductIdentifier>35160</ExternalProductIdentifier>
      </MCRProduct>
   </MCRProducts>
</ApplicationInstallerManifest>